id,template_id,query,answer_ids,triples
0,0,What do people also buy when they purchase Atom Poison Wheels?,[355957],"[[355886, 'also_buy', 355957]]"
1,0,What are some products that people often buy along with the Outdoor Products Backpacker's Cooking Multi-Utensil?,[73030],"[[504249, 'also_buy', 73030]]"
2,0,What are some products that people also buy along with the Gold's Gym 100 Lb Vinyl Fitness Weight Set for Beginners?,"[853627, 766716, 658175]","[[713919, 'also_buy', 853627], [713919, 'also_buy', 766716], [713919, 'also_buy', 658175]]"
3,0,What products are frequently bought along with the Maxpedition TC-5 Pouch?,"[755020, 587715, 575932, 419853, 85030, 84986, 17592]","[[578503, 'also_buy', 755020], [578503, 'also_buy', 587715], [578503, 'also_buy', 575932], [578503, 'also_buy', 419853], [578503, 'also_buy', 85030], [578503, 'also_buy', 84986], [578503, 'also_buy', 17592]]"
4,0,What are some items that are frequently bought along with the Champion Sports Portable Tetherball Set?,[26569],"[[125216, 'also_buy', 26569]]"
5,0,"What products are often purchased along with the AFI 37110 AFI-1000 Heavy Duty Waterproof Marine Wiper Motor (12-Volt, 2.5-Inch Shaft, 110-Degree Sweep)?","[36499, 36482, 36478, 36456, 36413, 36383, 36377, 36317]","[[36443, 'also_buy', 36499], [36443, 'also_buy', 36482], [36443, 'also_buy', 36478], [36443, 'also_buy', 36456], [36443, 'also_buy', 36413], [36443, 'also_buy', 36383], [36443, 'also_buy', 36377], [36443, 'also_buy', 36317]]"
6,0,What are some products that are also bought with the Springfield Armory XD-S Rear Plate Black NDZ US Flag?,[581040],"[[855391, 'also_buy', 581040]]"
7,0,What products are frequently bought together with the YAHILL Hunting Archery Armguard Leather Arm Guard with Two Straps?,"[835166, 359404, 21652]","[[840893, 'also_buy', 835166], [840893, 'also_buy', 359404], [840893, 'also_buy', 21652]]"
8,0,"What do customers also buy along with the Unigear Camping Pots, Portable Hard Anodized Aluminum Non-stick Cooking Ware Cookware Picnic Bowl Pot Pan Kits (Set of 10)?",[946858],"[[809752, 'also_buy', 946858]]"
9,0,"What other products are frequently bought along with the Coleman 16-Quart Personal Wheeled Cooler, Blue?","[927611, 144256, 141419]","[[86405, 'also_buy', 927611], [86405, 'also_buy', 144256], [86405, 'also_buy', 141419]]"
10,0,What is often bought along with the Strike Master Ice Augers Power Auger Storage Case?,"[469670, 434468, 184266, 12695]","[[4497, 'also_buy', 469670], [4497, 'also_buy', 434468], [4497, 'also_buy', 184266], [4497, 'also_buy', 12695]]"
11,0,What do people who bought prAna Men's Tucson Pant also buy?,"[914100, 355589, 82838, 33203]","[[528533, 'also_buy', 914100], [528533, 'also_buy', 355589], [528533, 'also_buy', 82838], [528533, 'also_buy', 33203]]"
12,0,What do people who bought Pickleball Now also buy?,[646690],"[[646698, 'also_buy', 646690]]"
13,0,What do people also buy with the New Era Men 9fifty Snapback Hat Mexico WBC One Size Black Cap?,[594686],"[[594699, 'also_buy', 594686]]"
14,0,"What products are frequently bought together with the Royalbaby Jenny & Bunny Girl's Bike, 12-14-16-18 inch Wheels, Three Colors Available?","[804827, 738604, 528684, 433128, 424992, 389635, 312469, 217416, 25480]","[[525099, 'also_buy', 804827], [525099, 'also_buy', 738604], [525099, 'also_buy', 528684], [525099, 'also_buy', 433128], [525099, 'also_buy', 424992], [525099, 'also_buy', 389635], [525099, 'also_buy', 312469], [525099, 'also_buy', 217416], [525099, 'also_buy', 25480]]"
15,0,What products are often purchased along with the Pull Buoy 2026D Ball Hop II with Speed Control Flow Pucks?,[183580],"[[183361, 'also_buy', 183580]]"
16,0,"What items are often purchased along with the 8"" Piling Cone White Marine Dock Boat Pylon Edge Post Head White Cover?","[856727, 34485]","[[619153, 'also_buy', 856727], [619153, 'also_buy', 34485]]"
17,0,What do customers usually buy along with the FOCO NCAA Unisex 2015 Sneaker Slipper?,"[743580, 743570, 743565, 743531, 743458]","[[743413, 'also_buy', 743580], [743413, 'also_buy', 743570], [743413, 'also_buy', 743565], [743413, 'also_buy', 743531], [743413, 'also_buy', 743458]]"
18,0,What do people often buy along with the Phantom Aquatics Semi Dry Snorkel?,"[900908, 415178, 21969]","[[187766, 'also_buy', 900908], [187766, 'also_buy', 415178], [187766, 'also_buy', 21969]]"
19,0,What are some products that are frequently bought with The Taxidermists Woodshop European Mount Elk Skull Hanger?,"[578113, 387735, 364822, 350820, 279770, 258143, 182856, 127077, 55232]","[[662335, 'also_buy', 578113], [662335, 'also_buy', 387735], [662335, 'also_buy', 364822], [662335, 'also_buy', 350820], [662335, 'also_buy', 279770], [662335, 'also_buy', 258143], [662335, 'also_buy', 182856], [662335, 'also_buy', 127077], [662335, 'also_buy', 55232]]"
20,0,What do people also buy with the Mizuno Men's National VI Sleeveless Jersey?,"[893019, 283181]","[[364967, 'also_buy', 893019], [364967, 'also_buy', 283181]]"
21,0,What are some products that people also buy with Wildgame Innovations 00323 Apple - 5 lbs?,"[901168, 630257, 584213, 530454, 523323, 434469, 227625, 87886, 23645]","[[434507, 'also_buy', 901168], [434507, 'also_buy', 630257], [434507, 'also_buy', 584213], [434507, 'also_buy', 530454], [434507, 'also_buy', 523323], [434507, 'also_buy', 434469], [434507, 'also_buy', 227625], [434507, 'also_buy', 87886], [434507, 'also_buy', 23645]]"
22,0,What products are frequently bought along with Sun Moon Unique Stainless Steel Anti-hanging Explosion Fishing Hook Lake Carp Fishhooks Tackle High Capture Off Ability 6PCS/LOT?,"[915375, 663234]","[[775534, 'also_buy', 915375], [775534, 'also_buy', 663234]]"
23,0,What items are frequently bought together with the First Gear - Cliff Hanger - Solo Tent?,"[489941, 402315, 17979]","[[409586, 'also_buy', 489941], [409586, 'also_buy', 402315], [409586, 'also_buy', 17979]]"
24,0,What do people who buy the Boker 02SC745 Magnum Lil Friend Clip Pt. with 2 In. 440 Stainless Steel Blade also buy?,"[490195, 152746]","[[490192, 'also_buy', 490195], [490192, 'also_buy', 152746]]"
25,0,What are some items that are often bought along with the Texsport Portable Mosquito Net for Outdoor Sleeping Camping?,[16376],"[[82482, 'also_buy', 16376]]"
26,0,What is frequently purchased together with the Dcolor Racing Bicycle Part Silver Tone Metal 3-7 Speed Rear Derailleur?,"[304470, 76710, 60639]","[[789510, 'also_buy', 304470], [789510, 'also_buy', 76710], [789510, 'also_buy', 60639]]"
27,0,What are some products that people frequently buy along with RIO Tropical Outbound Fishing Line?,"[568114, 495482, 405099, 387534]","[[276430, 'also_buy', 568114], [276430, 'also_buy', 495482], [276430, 'also_buy', 405099], [276430, 'also_buy', 387534]]"
28,0,"What are some items that are frequently bought with the Fobus Roto Holster RH Paddle HK1RP H&K Compact & USP 9mm/40 & 45, Full Size 9mm/40 / 45 & S&W Sigma Series 9/40 VE/E/G / FN49 / Ruger SR9 / Taurus Millenium .40 (Pro models refer to SP11B)?",[725195],"[[28190, 'also_buy', 725195]]"
29,0,"What are some products that are frequently bought together with the Lee Precision Reloading 7x57 Mouser Quick Trim Die Set, Silver, Small?","[640514, 626118, 536776, 530836, 497502, 90986, 67082]","[[530852, 'also_buy', 640514], [530852, 'also_buy', 626118], [530852, 'also_buy', 536776], [530852, 'also_buy', 530836], [530852, 'also_buy', 497502], [530852, 'also_buy', 90986], [530852, 'also_buy', 67082]]"
30,0,"What products are frequently bought together with the Bolle B-Kid Ski Helmet, Shiny Black Robots, 49-53cm?",[51478],"[[562218, 'also_buy', 51478]]"
31,0,What are some items that are frequently bought together with the Fanmats 17610 NBA Chicago Bulls 2-Piece Embroidered Car Mat?,"[479100, 318958]","[[824418, 'also_buy', 479100], [824418, 'also_buy', 318958]]"
32,0,What products are frequently bought along with the JWH Custom V-block with Screws and Allen Wrench for a 10/22® or Ruger® 10/22®- Stainless Steel?,"[791935, 791925, 624147, 492818, 492817, 124990, 99867]","[[859733, 'also_buy', 791935], [859733, 'also_buy', 791925], [859733, 'also_buy', 624147], [859733, 'also_buy', 492818], [859733, 'also_buy', 492817], [859733, 'also_buy', 124990], [859733, 'also_buy', 99867]]"
33,0,What are some products that people also buy with the Outdoor Research Men's Foray Jacket?,"[854840, 355589, 40867]","[[341815, 'also_buy', 854840], [341815, 'also_buy', 355589], [341815, 'also_buy', 40867]]"
34,0,"What do people also buy with the Minn Kota MK 230 PC Precision On-Board 2-Bank Charger, 15-Amp?",[106603],"[[353345, 'also_buy', 106603]]"
35,0,What do people also buy with TCK Sports USA American Flag Stars and Stripes Crew Socks?,"[784646, 706610, 600361]","[[552211, 'also_buy', 784646], [552211, 'also_buy', 706610], [552211, 'also_buy', 600361]]"
36,0,What do customers typically buy along with the ToBe-U Unisex Men Women Children Brief Relief Disposable Urinal Bags Super Absorbent Packs for Travel Car Traffic Jam Camping 4 Pieces?,"[833201, 686550, 272329, 160895, 119168, 43757, 42396, 37564]","[[919983, 'also_buy', 833201], [919983, 'also_buy', 686550], [919983, 'also_buy', 272329], [919983, 'also_buy', 160895], [919983, 'also_buy', 119168], [919983, 'also_buy', 43757], [919983, 'also_buy', 42396], [919983, 'also_buy', 37564]]"
37,0,"What products are frequently bought together with the Fobus Standard Holster RH Belt BRVBH Beretta Vertec, Taurus 92, 99 w rail?","[725195, 79825, 23712]","[[41702, 'also_buy', 725195], [41702, 'also_buy', 79825], [41702, 'also_buy', 23712]]"
38,0,What products are frequently bought along with the CTS TrainRight - Time Trial DVD?,"[74909, 59521, 22035]","[[22031, 'also_buy', 74909], [22031, 'also_buy', 59521], [22031, 'also_buy', 22035]]"
39,0,What products are frequently bought together with the Wellsem Speed Agility and Strength Leg Resistance Jump trainer ( Taekwondo Fitness Exercise Tool Equipment )?,"[946667, 908302, 854104, 815402, 507111, 437625, 383765, 340189, 129157, 128512]","[[905642, 'also_buy', 946667], [905642, 'also_buy', 908302], [905642, 'also_buy', 854104], [905642, 'also_buy', 815402], [905642, 'also_buy', 507111], [905642, 'also_buy', 437625], [905642, 'also_buy', 383765], [905642, 'also_buy', 340189], [905642, 'also_buy', 129157], [905642, 'also_buy', 128512]]"
40,0,What products are frequently bought along with Epic MMA Gear WOD Shorts Agility 1.0?,[902107],"[[433094, 'also_buy', 902107]]"
41,0,What do people usually buy along with the ScentLok Men's Reticle Hoodie?,"[828030, 753105]","[[762596, 'also_buy', 828030], [762596, 'also_buy', 753105]]"
42,0,"What do customers also buy when they purchase the Aqua Clear FW-2AHG Hi/Lo, Fluke/Flounder/Trout/Croaker, Green Minnow?",[331737],"[[394668, 'also_buy', 331737]]"
43,0,What do customers often buy along with TCK Sports Krazisox Zebra Stripe Socks?,[797751],"[[820764, 'also_buy', 797751]]"
44,0,"What are some items that people usually buy along with Kangkang@ Children Swimming Trunks Male Car Personality Cartoon Shoes Design Boxer Swimming Shorts Infant Boy Leg Swim Shorts for Kids Cartoon Cartoon Car Swim Trunk, 3-5 Years Old?",[750707],"[[750719, 'also_buy', 750707]]"
45,0,"What products are frequently bought along with the Igloo Products Corporation 000416674 Sport Cooler with Hooks, Red Heat, 1/2 gal?","[660507, 570438, 486453, 483875, 444641]","[[631451, 'also_buy', 660507], [631451, 'also_buy', 570438], [631451, 'also_buy', 486453], [631451, 'also_buy', 483875], [631451, 'also_buy', 444641]]"
46,0,"What is frequently bought with the Children's 20"" Black Practice Foam Escrima with Gold Dragon?",[299452],"[[299431, 'also_buy', 299452]]"
47,0,What do people often buy along with the Klean Kanteen Wide Mouth Water Bottle with Loop Cap?,"[749751, 197933]","[[143937, 'also_buy', 749751], [143937, 'also_buy', 197933]]"
48,0,What are some products that customers often buy along with Brooks Brick Lane Roll-Up Bicycle Panniers?,"[124091, 119451, 99176]","[[99172, 'also_buy', 124091], [99172, 'also_buy', 119451], [99172, 'also_buy', 99176]]"
49,0,What are some products that people also buy with Empty Plastic Paintball Shell (.68) (bag of 100 shells) - paintballs?,"[647279, 188974]","[[189051, 'also_buy', 647279], [189051, 'also_buy', 188974]]"
50,1,Show me products from the brand Army Lapel Pins.,"[513872, 334859, 334855, 334853, 333957]","[[513872, 'has_brand', 961696], [334859, 'has_brand', 961696], [334855, 'has_brand', 961696], [334853, 'has_brand', 961696], [333957, 'has_brand', 961696]]"
51,1,Show me products from the brand Miracle-Gro.,[588605],"[[588605, 'has_brand', 997949]]"
52,1,Show me products from the brand oldhess para-wares.,[551993],"[[551993, 'has_brand', 1031311]]"
53,1,Show me products from the brand Point Wilson.,"[722067, 722035, 446698, 425579, 156177]","[[722067, 'has_brand', 1005237], [722035, 'has_brand', 1005237], [446698, 'has_brand', 1005237], [425579, 'has_brand', 1005237], [156177, 'has_brand', 1005237]]"
54,1,Show me products from the brand USA Sports Inc.,"[161615, 161612, 144293, 134359, 116079]","[[161615, 'has_brand', 1022833], [161612, 'has_brand', 1022833], [144293, 'has_brand', 1022833], [134359, 'has_brand', 1022833], [116079, 'has_brand', 1022833]]"
55,1,Show me products from the brand Mad Dogg.,"[285062, 285047, 285046]","[[285062, 'has_brand', 995885], [285047, 'has_brand', 995885], [285046, 'has_brand', 995885]]"
56,1,Show me products from Allegro Industries.,"[318067, 94478]","[[318067, 'has_brand', 960299], [94478, 'has_brand', 960299]]"
57,1,Show me products from the brand CBG.,"[631316, 630955]","[[631316, 'has_brand', 967720], [630955, 'has_brand', 967720]]"
58,1,Show me products from the brand TACGG.,"[872281, 869747, 882312, 863691]","[[872281, 'has_brand', 1017726], [869747, 'has_brand', 1017726], [882312, 'has_brand', 1017726], [863691, 'has_brand', 1017726]]"
59,1,Show me products from the brand EDM.,[715808],"[[715808, 'has_brand', 975569]]"
60,1,Show me products from the brand Pinner.,"[842520, 842518]","[[842520, 'has_brand', 1004930], [842518, 'has_brand', 1004930]]"
61,1,Show me products from the brand DeVersified Innovations.,[738202],"[[738202, 'has_brand', 973469]]"
62,1,Show me products from the brand footwear.,[292200],"[[292200, 'has_brand', 1030252]]"
63,1,Show me products from the brand TRIPLE THREAT.,"[804455, 804447, 804442, 804432, 71294, 58387]","[[804455, 'has_brand', 1018367], [804447, 'has_brand', 1018367], [804442, 'has_brand', 1018367], [804432, 'has_brand', 1018367], [71294, 'has_brand', 1018367], [58387, 'has_brand', 1018367]]"
64,1,Show me products from the brand TIKING.,"[902337, 902294, 901851, 876103, 875624, 874748, 874740]","[[902337, 'has_brand', 1018070], [902294, 'has_brand', 1018070], [901851, 'has_brand', 1018070], [876103, 'has_brand', 1018070], [875624, 'has_brand', 1018070], [874748, 'has_brand', 1018070], [874740, 'has_brand', 1018070]]"
65,1,Show me products from the brand Anders Aarum.,[44018],"[[44018, 'has_brand', 960958]]"
66,1,Show me products from the brand Neudeals.,[508563],"[[508563, 'has_brand', 1000271]]"
67,1,Show me products from the brand Phoenix Pro Scooter.,[789817],"[[789817, 'has_brand', 1004648]]"
68,1,Show me products from the brand Prodeco.,"[737968, 612771, 491602, 481288, 491589, 260696, 260689]","[[737968, 'has_brand', 1006351], [612771, 'has_brand', 1006351], [491602, 'has_brand', 1006351], [481288, 'has_brand', 1006351], [491589, 'has_brand', 1006351], [260696, 'has_brand', 1006351], [260689, 'has_brand', 1006351]]"
69,1,Show me products from the rbx brand.,[905182],"[[905182, 'has_brand', 1031528]]"
70,1,Show me products from the brand Verm.,[74811],"[[74811, 'has_brand', 1024229]]"
71,1,Show me products from the brand Admirable.,[506703],"[[506703, 'has_brand', 959537]]"
72,1,Can you show me some products from the brand Balaji Wireless?,[430040],"[[430040, 'has_brand', 963649]]"
73,1,Show me products from the brand Laifu.,[942401],"[[942401, 'has_brand', 992894]]"
74,1,Show me products from the brand XYG-Case.,[581993],"[[581993, 'has_brand', 1027489]]"
75,1,Show me products from the brand ASSOA.,[111124],"[[111124, 'has_brand', 958884]]"
76,1,Show me products from the brand ADIY Samsung S6 Edge Case.,[778413],"[[778413, 'has_brand', 958225]]"
77,1,Show me products from the brand NGC Condor.,[600892],"[[600892, 'has_brand', 999555]]"
78,1,Show me products from the brand Twist-n-go.,[648186],"[[648186, 'has_brand', 1022369]]"
79,1,Can you show me some products from MIRA Brands?,"[936782, 874145, 752727, 626127]","[[936782, 'has_brand', 995378], [874145, 'has_brand', 995378], [752727, 'has_brand', 995378], [626127, 'has_brand', 995378]]"
80,1,Show me products from the brand Searay.,[904288],"[[904288, 'has_brand', 1012351]]"
81,1,Show me products from the brand Preamer.,"[920257, 862673, 822752, 805182]","[[920257, 'has_brand', 1005761], [862673, 'has_brand', 1005761], [822752, 'has_brand', 1005761], [805182, 'has_brand', 1005761]]"
82,1,Show me products from the brand Lanterns.,[768042],"[[768042, 'has_brand', 993025]]"
83,1,Show me products from the brand WOW.,"[759056, 724768, 699193, 692475, 618920, 188700, 188696, 188693]","[[759056, 'has_brand', 1025248], [724768, 'has_brand', 1025248], [699193, 'has_brand', 1025248], [692475, 'has_brand', 1025248], [618920, 'has_brand', 1025248], [188700, 'has_brand', 1025248], [188696, 'has_brand', 1025248], [188693, 'has_brand', 1025248]]"
84,1,I'm looking for some products from the brand RAP4.,"[540242, 539840, 539801, 525372, 539823, 418590, 154935]","[[540242, 'has_brand', 1007253], [539840, 'has_brand', 1007253], [539801, 'has_brand', 1007253], [525372, 'has_brand', 1007253], [539823, 'has_brand', 1007253], [418590, 'has_brand', 1007253], [154935, 'has_brand', 1007253]]"
85,1,Show me products from the brand EarthBench.,[454200],"[[454200, 'has_brand', 976127]]"
86,1,Show me products from the brand C2.,"[504289, 504272]","[[504289, 'has_brand', 967577], [504272, 'has_brand', 967577]]"
87,1,Show me products from the brand kitty towel.,[201472],"[[201472, 'has_brand', 1030916]]"
88,1,Can you show me products from the brand 98 Pinnacle Inside?,[29931],"[[29931, 'has_brand', 957874]]"
89,1,Show me products from the brand HB HOMEBOAT.,"[679445, 679442, 686160]","[[679445, 'has_brand', 984407], [679442, 'has_brand', 984407], [686160, 'has_brand', 984407]]"
90,1,Show me products from the brand MYSTUFF.,[353019],"[[353019, 'has_brand', 995806]]"
91,1,Can you show me some products from the brand Charger?,[945145],"[[945145, 'has_brand', 969623]]"
92,1,Show me products from the brand James Greene.,[42405],"[[42405, 'has_brand', 989290]]"
93,1,Show me products from the brand SoBuy.,[351027],"[[351027, 'has_brand', 1014386]]"
94,1,Can you show me some products from the brand Sidelines Sports?,"[148830, 148829, 148821, 148816]","[[148830, 'has_brand', 1013243], [148829, 'has_brand', 1013243], [148821, 'has_brand', 1013243], [148816, 'has_brand', 1013243]]"
95,1,Show me products from the brand qingstart.,[928914],"[[928914, 'has_brand', 1031505]]"
96,1,Show me products from the brand Arbalte Gens David.,[574402],"[[574402, 'has_brand', 961499]]"
97,1,Show me products from EPH Outdoors.,[932605],"[[932605, 'has_brand', 975777]]"
98,1,Show me products from the brand USMC PLATE.,"[842110, 842109]","[[842110, 'has_brand', 1022882], [842109, 'has_brand', 1022882]]"
99,1,Can you show me some products from the brand Spectra Animal Health?,"[220598, 80231]","[[220598, 'has_brand', 1014952], [80231, 'has_brand', 1014952]]"
100,2,"I just bought Martini Golf 3-1/4"" Durable Plastic Tees 5-Pack (Assorted Colors), can you show me some orange products that other customers also buy?",[738782],"[[738782, 'also_buy', 453453], [738782, 'has_color', 1034977]]"
101,2,What Buffalo Bills products are also bought by customers who purchased the Riddell Oakland Raiders NFL Replica Speed Mini Football Helmet?,[13450],"[[13450, 'also_buy', 314279], [13450, 'has_color', 1034193]]"
102,2,"What rainbow colored product is often bought along with the sportbit Ball Pump Portable and inflates Fast with Push&Pull Inflating System - Ball Pumps Comes with 5 Needles and Bonus E-Book - Great Air Pump for Basketball, Soccer, Rugby, Volleyball Balls?",[483686],"[[483686, 'also_buy', 870226], [483686, 'has_color', 1035095]]"
103,2,I'm looking for a grey/red product that is often bought along with Speedo Women's Hydrosity Goggles.,[192739],"[[192739, 'also_buy', 858845], [192739, 'has_color', 1034576]]"
104,2,What orange product do people also buy with the Orvis Safe Passage Guide Sling Pack?,[697791],"[[697791, 'also_buy', 697188], [697791, 'has_color', 1034977]]"
105,2,What burgundy product is also bought with MacGregor Youth Plastic Shin Guards (One Pair)?,[441652],"[[441652, 'also_buy', 10282], [441652, 'has_color', 1034195]]"
106,2,What green/black product is often bought with the Mossy Oak Hunting Accessories Mossy Oak Buttstock Shotgun Shell and Rifle Cartridge Holder?,[2307],"[[2307, 'also_buy', 169406], [2307, 'has_color', 1034558]]"
107,2,What forest colored item is frequently bought along with the MalloMe Camping Cookware Mess Kit Backpacking Gear & Hiking Outdoors Bug Out Bag Cooking Equipment Cookset?,"[631265, 136764]","[[631265, 'also_buy', 836809], [631265, 'has_color', 1034489], [136764, 'also_buy', 836809], [136764, 'has_color', 1034489]]"
108,2,Show me yellow products that are often bought with the StretchCordz Adjustable Mounting Extension.,[578538],"[[578538, 'also_buy', 617318], [578538, 'has_color', 1035530]]"
109,2,What gray product is often bought with Wilson Pro Tennis Overgrip 12-Pack?,"[512227, 512223]","[[512227, 'also_buy', 539364], [512227, 'has_color', 1034539], [512223, 'also_buy', 539364], [512223, 'has_color', 1034539]]"
110,2,"Show me black products that are also bought with MacGregor Safe/Soft Baseballs, Kids, Level 1 (One Dozen).","[777971, 467945, 202907, 118772]","[[777971, 'also_buy', 10729], [777971, 'has_color', 1033932], [467945, 'also_buy', 10729], [467945, 'has_color', 1033932], [202907, 'also_buy', 10729], [202907, 'has_color', 1033932], [118772, 'also_buy', 10729], [118772, 'has_color', 1033932]]"
111,2,"What red products are also bought with the Elixir Arm Sleeves 8 Pairs Bundle Pack for Hiking Cycling Golf and Outdoor Activities, 2 Pairs Each White, Black, Gray and Beige?",[777497],"[[777497, 'also_buy', 777498], [777497, 'has_color', 1035116]]"
112,2,What brown/black products are often bought along with the ProActive Sports SGS002 G Stats Golf Statistic and Score Tracking System?,[947546],"[[947546, 'also_buy', 77450], [947546, 'has_color', 1034188]]"
113,2,"What red/grey product is frequently bought with Dynacraft Professional Double-Sided Grip Tape, 2-Inch x 36-Yard?",[519944],"[[519944, 'also_buy', 646703], [519944, 'has_color', 1035145]]"
114,2,Show me red products that are also bought with Gore Bike Wear Men's Oxygen Partial Thermo Bibs 3/4+ Shorts.,[788094],"[[788094, 'also_buy', 544443], [788094, 'has_color', 1035116]]"
115,2,What black product is also bought with the Under Armour Men's HeatGear Armour Short Sleeve Compression Shirt?,"[764375, 494761]","[[764375, 'also_buy', 588993], [764375, 'has_color', 1033932], [494761, 'also_buy', 588993], [494761, 'has_color', 1033932]]"
116,2,What white product is also bought with the Reliable Fishing Products Kill Bag (20x48-Inch)?,[99483],"[[99483, 'also_buy', 359221], [99483, 'has_color', 1035471]]"
117,2,"What black items are frequently bought together with the bintiva Adjustable Balance Board, Extra Wide Diameter, for Fitness, Balance, and Stability Training?","[744119, 558670]","[[744119, 'also_buy', 794988], [744119, 'has_color', 1033932], [558670, 'also_buy', 794988], [558670, 'has_color', 1033932]]"
118,2,What black/grey products are also bought with FUN TOES Men's Toe Socks Lightweight Breathable-Value 6 PAIRS Pack- Size 6-12?,[386994],"[[386994, 'also_buy', 785611], [386994, 'has_color', 1034050]]"
119,2,Show me products in mossy oak obsession color that are also bought with the Primos Hook Hunter Mouth Call Case.,[925105],"[[925105, 'also_buy', 389100], [925105, 'has_color', 1034851]]"
120,2,Show me a silver product that is often bought with GREEN OIL Eco-Friendly Bicycle Chain Lubricant.,[189493],"[[189493, 'also_buy', 173950], [189493, 'has_color', 1035252]]"
121,2,Show me rosewood products that are also bought with the Elk Ridge Er-073 Outdoor Fixed Blade Knife 8-Inch Overall.,[227185],"[[227185, 'also_buy', 223081], [227185, 'has_color', 1035173]]"
122,2,"Find me black items that are frequently bought with DOLPHIN RIG 7/0 WIRE RIGGED,RED/BLACK,6 1/2"" / 2 OZ.","[102316, 62348]","[[102316, 'also_buy', 75352], [102316, 'has_color', 1033932], [62348, 'also_buy', 75352], [62348, 'has_color', 1033932]]"
123,2,Show me camo products that are often bought with the bowlingball.com Abralon Pad (One).,[551830],"[[551830, 'also_buy', 880982], [551830, 'has_color', 1034202]]"
124,2,"What products in black/black are also bought with the MEETLOCKS Bike Pedal CNC Aluminum Body Cr-Mo Machined 9/16"" Screw Thread Spindle, Three Pcs Ultra Sealed Bearing?",[14501],"[[14501, 'also_buy', 635882], [14501, 'has_color', 1034026]]"
125,2,Show me a red product that is also bought with the Strap Wrapper Dive Mask Strap Wrapper - Wraps Around Your Dive Mask Food Chain.,"[900908, 36808]","[[900908, 'also_buy', 161558], [900908, 'has_color', 1035116], [36808, 'also_buy', 161558], [36808, 'has_color', 1035116]]"
126,2,What grey product is frequently bought with Wigwam F6077 Women's Hiking Outdoor Pro Socks?,[768158],"[[768158, 'also_buy', 2233], [768158, 'has_color', 1034566]]"
127,2,"What products are frequently bought along with the Rack Stash, Hitch Mounted Bike Rack Storage, Ski and Cargo Garage Organizer, Wall Mounted, 1.25""?",[819663],"[[819663, 'also_buy', 705859], [819663, 'has_color', 1034971]]"
128,2,"What gold products are frequently bought with Water Gremlin Round Split Shot Pro Pack, 48ea/BB, 36ea/3/0, 16ea/7, 12ea/5, 12ea/4?","[156281, 139514, 56032]","[[156281, 'also_buy', 251637], [156281, 'has_color', 1034518], [139514, 'also_buy', 251637], [139514, 'has_color', 1034518], [56032, 'also_buy', 251637], [56032, 'has_color', 1034518]]"
129,2,What product in style 1 is also bought with the Chinoook Tactical Holographic Red / Green Reflex Scope sight combo 4 Reticles?,[863273],"[[863273, 'also_buy', 866107], [863273, 'has_color', 1035330]]"
130,2,"What items are often bought along with the E2shop 5CM 50mm Quick Release Pair of Locking 2"" Olympic Size Barbell Clamp Collar Barbell Clamp Collar Clip Weight Dumbbell Spinlock Lift a Pair?",[222425],"[[222425, 'also_buy', 865428], [222425, 'has_color', 1034988]]"
131,2,What purple product is frequently bought with the Bondi Band Pink Spectrum Dyed On Wicking 4 Inch Band?,[574457],"[[574457, 'also_buy', 884440], [574457, 'has_color', 1035076]]"
132,2,What yellow product is often bought together with the LEZYNE Gauge Drive Hp Bicycle Frame Mounted Pump?,[26683],"[[26683, 'also_buy', 598858], [26683, 'has_color', 1035530]]"
133,2,"Show me a neon yellow/black product that people also buy with Rhode Island Novelty Mini 5"" Assorted Multi-Color Rubber Basketballs (5-Pack).",[726403],"[[726403, 'also_buy', 805002], [726403, 'has_color', 1034909]]"
134,2,Show me tangerine colored products that are also bought with the Vargo Alcohol Fuel Bottle HDPE by Vargo.,"[102873, 75813]","[[102873, 'also_buy', 103942], [102873, 'has_color', 1035356], [75813, 'also_buy', 103942], [75813, 'has_color', 1035356]]"
135,2,What white product is frequently bought with Yaheetech White Twisted Nylon Rope Coil 1/2 inch x 100/200/300 Feet?,[270284],"[[270284, 'also_buy', 816402], [270284, 'has_color', 1035471]]"
136,2,What yellow product is frequently bought with the Large Glow in the Dark Dive Compass With Retractor Cable?,"[900908, 866802, 699719, 327295, 292254, 230968, 46127, 30685, 15908]","[[900908, 'also_buy', 480792], [900908, 'has_color', 1035530], [866802, 'also_buy', 480792], [866802, 'has_color', 1035530], [699719, 'also_buy', 480792], [699719, 'has_color', 1035530], [327295, 'also_buy', 480792], [327295, 'has_color', 1035530], [292254, 'also_buy', 480792], [292254, 'has_color', 1035530], [230968, 'also_buy', 480792], [230968, 'has_color', 1035530], [46127, 'also_buy', 480792], [46127, 'has_color', 1035530], [30685, 'also_buy', 480792], [30685, 'has_color', 1035530], [15908, 'also_buy', 480792], [15908, 'has_color', 1035530]]"
137,2,"Show me blue products that are frequently bought with the Suunto SK8 Add-On Compass For Cobra, Vyper, Gekko And Zoop Consoles (End Mount).","[327295, 230968]","[[327295, 'also_buy', 1732], [327295, 'has_color', 1034110], [230968, 'also_buy', 1732], [230968, 'has_color', 1034110]]"
138,2,I am looking for a light green product that is frequently bought with the Little Girl’s Short Sleeve Scoop Neck Ballet One Piece Leotard Dancewear (Pink).,[726943],"[[726943, 'also_buy', 601649], [726943, 'has_color', 1034712]]"
139,2,What yellow product is also bought with the Tin Cup Dragonfly Golf Ball Marker?,[761679],"[[761679, 'also_buy', 631871], [761679, 'has_color', 1035530]]"
140,2,What orange product is also bought with Walker’s Razor Slim Electronic Hearing Protection Muffs with Sound Amplification and Suppression. “Protect It Or Lose It!”?,[266820],"[[266820, 'also_buy', 872225], [266820, 'has_color', 1034977]]"
141,2,"What green product is frequently purchased with the ProFitness Deadlift Wedge (Superior Jack Alternative) – Load & Unload Weightlifting Barbells with Round Plates Effortlessly – Lightweight, Compact Gym Bag Size – Cross Training, Powerlifting, Fitness?","[807701, 438077]","[[807701, 'also_buy', 941110], [807701, 'has_color', 1034549], [438077, 'also_buy', 941110], [438077, 'has_color', 1034549]]"
142,2,"What green product is often bought with Quikfletch Bone Collector (6-Pack), White/Green?","[549417, 364822]","[[549417, 'also_buy', 138972], [549417, 'has_color', 1034549], [364822, 'also_buy', 138972], [364822, 'has_color', 1034549]]"
143,2,What green products are frequently bought along with the Peak Material Clip?,[514350],"[[514350, 'also_buy', 153932], [514350, 'has_color', 1034549]]"
144,2,"What green product is often bought together with the Liberty Mountain Stuff Sack, Colors may vary (width X length)?",[753286],"[[753286, 'also_buy', 45209], [753286, 'has_color', 1034549]]"
145,2,"Show me pink products that are frequently bought with the Nokona X2 Buckaroo Series 12.5"" Fastpitch Glove.",[329589],"[[329589, 'also_buy', 805364], [329589, 'has_color', 1035029]]"
146,2,What mocha colored product is often bought with the STAGE Scraper Stomp Pad?,[785924],"[[785924, 'also_buy', 665936], [785924, 'has_color', 1034833]]"
147,2,"Show me violet products that are also bought with the Vive Foot Rocker - Calf Stretcher for Achilles Tendinitis, Heel, Feet, Shin Splint, Plantar Fasciitis Pain Relief - Stretches Strained Leg Muscle - Ankle Wedge Stretch Improves Flexibility (Single).",[821588],"[[821588, 'also_buy', 816708], [821588, 'has_color', 1035442]]"
148,2,"I'm looking for a green product that customers also buy with the SOG Fixed Blade Knives - “SEAL Pup” Tactical Knife, Survival Knife and Hunting Knife w/ 4.75” Blade and MOLLE Knife Sheath + GRN Grip (M37N-CP).",[489941],"[[489941, 'also_buy', 694], [489941, 'has_color', 1034549]]"
149,3,Show me some hats from the brand TopHeadwear.,[147625],"[[147625, 'has_brand', 1021081], [147625, 'has_category', 1032995]]"
150,3,Show me soccer products from Challenger Teamwear.,"[515026, 515020, 515018, 515016, 515015, 515013, 515010]","[[515026, 'has_brand', 969548], [515026, 'has_category', 1033562], [515020, 'has_brand', 969548], [515020, 'has_category', 1033562], [515018, 'has_brand', 969548], [515018, 'has_category', 1033562], [515016, 'has_brand', 969548], [515016, 'has_category', 1033562], [515015, 'has_brand', 969548], [515015, 'has_category', 1033562], [515013, 'has_brand', 969548], [515013, 'has_category', 1033562], [515010, 'has_brand', 969548], [515010, 'has_category', 1033562]]"
151,3,Show me camping furniture from the brand WIKO.,[36305],"[[36305, 'has_brand', 1025081], [36305, 'has_category', 1032608]]"
152,3,Show me Craftsman on-course accessories.,[440756],"[[440756, 'has_brand', 971594], [440756, 'has_category', 1033240]]"
153,3,Show me skateboarding products from Monkey Loob.,[475379],"[[475379, 'has_brand', 998300], [475379, 'has_category', 1033525]]"
154,3,Show me sunglasses from the brand Bones Wheels.,"[197562, 197550, 114137]","[[197562, 'has_brand', 966312], [197562, 'has_category', 1033626], [197550, 'has_brand', 966312], [197550, 'has_category', 1033626], [114137, 'has_brand', 966312], [114137, 'has_category', 1033626]]"
155,3,Show me Almatess goggles.,[785771],"[[785771, 'has_brand', 960365], [785771, 'has_category', 1032931]]"
156,3,I'm looking for seat clamps from the brand Hope.,"[648818, 212906, 101677, 92423]","[[648818, 'has_brand', 986644], [648818, 'has_category', 1033474], [212906, 'has_brand', 986644], [212906, 'has_category', 1033474], [101677, 'has_brand', 986644], [101677, 'has_category', 1033474], [92423, 'has_brand', 986644], [92423, 'has_category', 1033474]]"
157,3,Show me trading cards from the brand Strength.,[367685],"[[367685, 'has_brand', 1016348], [367685, 'has_category', 1033720]]"
158,3,Show me some drivetrain components from SPU.,[244021],"[[244021, 'has_brand', 1011044], [244021, 'has_category', 1032773]]"
159,3,I'm looking for electrical equipment from the brand Ader Sporting Goods.,[205801],"[[205801, 'has_brand', 959515], [205801, 'has_category', 1032795]]"
160,3,Show me umbrellas from the brand A511.,[534934],"[[534934, 'has_brand', 958030], [534934, 'has_category', 1033754]]"
161,3,Show me Seger Sports products that are one size fits all.,"[770304, 770291, 770286, 770285]","[[770304, 'has_brand', 1012447], [770304, 'has_category', 1033241], [770291, 'has_brand', 1012447], [770291, 'has_category', 1033241], [770286, 'has_brand', 1012447], [770286, 'has_category', 1033241], [770285, 'has_brand', 1012447], [770285, 'has_category', 1033241]]"
162,3,I am looking for Big Boy brand skateboard parts.,"[577105, 576333]","[[577105, 'has_brand', 964986], [577105, 'has_category', 1033524], [576333, 'has_brand', 964986], [576333, 'has_category', 1033524]]"
163,3,Show me topwater lures from River-2-Sea.,"[469559, 296223, 296222, 296220, 296217, 296214, 296213, 72277]","[[469559, 'has_brand', 1009184], [469559, 'has_category', 1033709], [296223, 'has_brand', 1009184], [296223, 'has_category', 1033709], [296222, 'has_brand', 1009184], [296222, 'has_category', 1033709], [296220, 'has_brand', 1009184], [296220, 'has_category', 1033709], [296217, 'has_brand', 1009184], [296217, 'has_category', 1033709], [296214, 'has_brand', 1009184], [296214, 'has_category', 1033709], [296213, 'has_brand', 1009184], [296213, 'has_category', 1033709], [72277, 'has_brand', 1009184], [72277, 'has_category', 1033709]]"
164,3,Show me some camp kitchen products from Acura.,[319872],"[[319872, 'has_brand', 959456], [319872, 'has_category', 1032606]]"
165,3,Show me scooters from the brand Jaykoo.,[857133],"[[857133, 'has_brand', 989402], [857133, 'has_category', 1033463]]"
166,3,I am looking for meet equipment from the brand TC Sports.,[6234],"[[6234, 'has_brand', 1017832], [6234, 'has_category', 1033181]]"
167,3,Show me Halbro products in the other team sports category.,"[527504, 141966]","[[527504, 'has_brand', 985037], [527504, 'has_category', 1033254], [141966, 'has_brand', 985037], [141966, 'has_category', 1033254]]"
168,3,Show me stand-up paddleboarding products from Wheele Racks.,[665102],"[[665102, 'has_brand', 1026166], [665102, 'has_category', 1033595]]"
169,3,Show me valve caps from CoverON.,[333921],"[[333921, 'has_brand', 971502], [333921, 'has_category', 1033765]]"
170,3,I am looking for sledding products from the brand TEAM MAGNUS.,[553918],"[[553918, 'has_brand', 1017872], [553918, 'has_category', 1033536]]"
171,3,Show me some Kappa tank tops.,[436509],"[[436509, 'has_brand', 990836], [436509, 'has_category', 1033674]]"
172,3,"I'm looking for paintball products from Bernard Cap Company, INC.",[189047],"[[189047, 'has_brand', 964660], [189047, 'has_category', 1033270]]"
173,3,Show me some skirts from the brand Thirty-One.,[377684],"[[377684, 'has_brand', 1020350], [377684, 'has_category', 1033531]]"
174,3,Show me toss games from Embroidery By Zevotek.,[853756],"[[853756, 'has_brand', 976841], [853756, 'has_category', 1033710]]"
175,3,Show me optics from the brand IRON GLOVES.,"[135559, 135556, 135554, 135576]","[[135559, 'has_brand', 987520], [135559, 'has_category', 1033247], [135556, 'has_brand', 987520], [135556, 'has_category', 1033247], [135554, 'has_brand', 987520], [135554, 'has_category', 1033247], [135576, 'has_brand', 987520], [135576, 'has_category', 1033247]]"
176,3,I am looking for sports equipment from the brand Stylife.,[953698],"[[953698, 'has_brand', 1016547], [953698, 'has_category', 1033579]]"
177,3,Show me sports souvenirs from the brand Jenkins.,[571529],"[[571529, 'has_brand', 989458], [571529, 'has_category', 1033581]]"
178,3,Show me armwarmers from Oiselle.,"[380807, 269467]","[[380807, 'has_brand', 1001967], [380807, 'has_category', 1032441], [269467, 'has_brand', 1001967], [269467, 'has_category', 1032441]]"
179,3,Show me coolers from the Artic Cove brand.,[612239],"[[612239, 'has_brand', 961792], [612239, 'has_category', 1032692]]"
180,3,Show me t-ball bats from Anderson Bat Company.,[856145],"[[856145, 'has_brand', 960962], [856145, 'has_category', 1033651]]"
181,3,Show me some PUMA equipment bags.,"[143589, 128327]","[[143589, 'has_brand', 1003517], [143589, 'has_category', 1032811], [128327, 'has_brand', 1003517], [128327, 'has_category', 1032811]]"
182,3,Show me yoga products from Now Athletics.,"[671148, 569455]","[[671148, 'has_brand', 1001161], [671148, 'has_category', 1033826], [569455, 'has_brand', 1001161], [569455, 'has_category', 1033826]]"
183,3,I'm looking for some baseball gear from Outdoor Cap.,[175170],"[[175170, 'has_brand', 1002704], [175170, 'has_category', 1032480]]"
184,3,Show me artwork from the brand P. Graham Dunn.,[667145],"[[667145, 'has_brand', 1002965], [667145, 'has_category', 1032443]]"
185,3,Show me martial arts products from the brand Goodlife623.,[903118],"[[903118, 'has_brand', 983270], [903118, 'has_category', 1033172]]"
186,3,I am looking for 5Star-TD grip tape.,[703908],"[[703908, 'has_brand', 957754], [703908, 'has_category', 1032952]]"
187,3,Show me standard balls from the brand Beachballs.,[524220],"[[524220, 'has_brand', 964202], [524220, 'has_category', 1033597]]"
188,3,Show me yoga products from the brand Adeco.,[831996],"[[831996, 'has_brand', 959508], [831996, 'has_category', 1033826]]"
189,3,I am looking for Huffy tubes.,"[623345, 623340]","[[623345, 'has_brand', 986910], [623345, 'has_category', 1033746], [623340, 'has_brand', 986910], [623340, 'has_category', 1033746]]"
190,3,Show me balls from the brand FNG Soccer Ball No.5.,"[812388, 667002]","[[812388, 'has_brand', 978262], [812388, 'has_category', 1032471], [667002, 'has_brand', 978262], [667002, 'has_category', 1032471]]"
191,3,I am looking for insect repellent from the brand Ortho.,"[558441, 381362, 381361, 123644, 103521, 93237, 13340, 13208, 10328, 10327]","[[558441, 'has_brand', 1002539], [558441, 'has_category', 1033061], [381362, 'has_brand', 1002539], [381362, 'has_category', 1033061], [381361, 'has_brand', 1002539], [381361, 'has_category', 1033061], [123644, 'has_brand', 1002539], [123644, 'has_category', 1033061], [103521, 'has_brand', 1002539], [103521, 'has_category', 1033061], [93237, 'has_brand', 1002539], [93237, 'has_category', 1033061], [13340, 'has_brand', 1002539], [13340, 'has_category', 1033061], [13208, 'has_brand', 1002539], [13208, 'has_category', 1033061], [10328, 'has_brand', 1002539], [10328, 'has_category', 1033061], [10327, 'has_brand', 1002539], [10327, 'has_category', 1033061]]"
192,3,Show me bottom brackets from Wolf Tooth Components.,[674870],"[[674870, 'has_brand', 1026801], [674870, 'has_category', 1032566]]"
193,3,I am looking for hunting arrows from Bohning Co Ltd.,[245423],"[[245423, 'has_brand', 966202], [245423, 'has_category', 1033032]]"
194,3,Show me training equipment from the brand Putting Arc.,"[666718, 43155]","[[666718, 'has_brand', 1006757], [666718, 'has_category', 1033728], [43155, 'has_brand', 1006757], [43155, 'has_category', 1033728]]"
195,3,Show me some pickleball products from Gearbox Sports.,[834069],"[[834069, 'has_brand', 982065], [834069, 'has_category', 1033304]]"
196,3,Show me some artwork from the brand CoolGlow.,[171278],"[[171278, 'has_brand', 971165], [171278, 'has_category', 1032443]]"
197,3,Show me some Red Bull Racing winter sports accessories.,[859874],"[[859874, 'has_brand', 1008302], [859874, 'has_category', 1033813]]"
198,3,Show me some artificial bait from Jackson.,[135397],"[[135397, 'has_brand', 989208], [135397, 'has_category', 1032442]]"
199,4,I'm looking for purple products that are often bought together with bowls.,"[600158, 86912, 49907, 41808]","[[923431, 'has_category', 1032574], [923431, 'also_buy', 600158], [600158, 'has_color', 1035076], [105822, 'has_category', 1032574], [105822, 'also_buy', 600158], [923431, 'also_buy', 86912], [86912, 'has_color', 1035076], [923431, 'also_buy', 49907], [49907, 'has_color', 1035076], [12048, 'has_category', 1032574], [12048, 'also_buy', 41808], [41808, 'has_color', 1035076]]"
200,4,I'm looking for a safety yellow product in the game handling category that is frequently bought together with other items in that category.,"[85005, 65091, 60537]","[[85031, 'has_category', 1032918], [85031, 'also_buy', 85005], [85005, 'has_color', 1035198], [85031, 'also_buy', 65091], [65091, 'has_color', 1035198], [956170, 'has_category', 1032918], [956170, 'also_buy', 60537], [60537, 'has_color', 1035198], [247098, 'has_category', 1032918], [247098, 'also_buy', 60537], [218542, 'has_category', 1032918], [218542, 'also_buy', 60537], [170476, 'has_category', 1032918], [170476, 'also_buy', 60537], [115208, 'has_category', 1032918], [115208, 'also_buy', 60537], [85794, 'has_category', 1032918], [85794, 'also_buy', 60537], [85031, 'also_buy', 60537], [84477, 'has_category', 1032918], [84477, 'also_buy', 60537], [82907, 'has_category', 1032918], [82907, 'also_buy', 60537], [86184, 'has_category', 1032918], [86184, 'also_buy', 60537], [65082, 'has_category', 1032918], [65082, 'also_buy', 60537]]"
201,4,Show me lime green products that are often bought with soccer field equipment.,[202907],"[[410589, 'has_category', 1033564], [410589, 'also_buy', 202907], [202907, 'has_color', 1034728]]"
202,4,I'm looking for a black/green product that is often bought with hitting mats.,"[379147, 298307]","[[679683, 'has_category', 1033016], [679683, 'also_buy', 379147], [379147, 'has_color', 1034048], [732663, 'has_category', 1033016], [732663, 'also_buy', 298307], [298307, 'has_color', 1034048]]"
203,4,I'm looking for teal products that are frequently bought with snowboarding gear.,"[941893, 819127, 812267, 771146, 340682, 227482, 227480, 147377]","[[495862, 'has_category', 1033557], [495862, 'also_buy', 941893], [941893, 'has_color', 1035360], [495862, 'also_buy', 819127], [819127, 'has_color', 1035360], [912518, 'has_category', 1033557], [912518, 'also_buy', 812267], [812267, 'has_color', 1035360], [868704, 'has_category', 1033557], [868704, 'also_buy', 812267], [825614, 'has_category', 1033557], [825614, 'also_buy', 812267], [810676, 'has_category', 1033557], [810676, 'also_buy', 812267], [810979, 'has_category', 1033557], [810979, 'also_buy', 812267], [765794, 'has_category', 1033557], [765794, 'also_buy', 812267], [757711, 'has_category', 1033557], [757711, 'also_buy', 812267], [723042, 'has_category', 1033557], [723042, 'also_buy', 812267], [715534, 'has_category', 1033557], [715534, 'also_buy', 812267], [685540, 'has_category', 1033557], [685540, 'also_buy', 812267], [685539, 'has_category', 1033557], [685539, 'also_buy', 812267], [665948, 'has_category', 1033557], [665948, 'also_buy', 812267], [665936, 'has_category', 1033557], [665936, 'also_buy', 812267], [507477, 'has_category', 1033557], [507477, 'also_buy', 812267], [498954, 'has_category', 1033557], [498954, 'also_buy', 812267], [480611, 'has_category', 1033557], [480611, 'also_buy', 812267], [399948, 'has_category', 1033557], [399948, 'also_buy', 812267], [96222, 'has_category', 1033557], [96222, 'also_buy', 812267], [495862, 'also_buy', 771146], [771146, 'has_color', 1035360], [495862, 'also_buy', 340682], [340682, 'has_color', 1035360], [495862, 'also_buy', 227482], [227482, 'has_color', 1035360], [665936, 'also_buy', 227480], [227480, 'has_color', 1035360], [495862, 'also_buy', 147377], [147377, 'has_color', 1035360]]"
204,4,Show me light gold products that are often bought with items in the other team sports category.,"[644986, 8718]","[[700905, 'has_category', 1033254], [700905, 'also_buy', 644986], [644986, 'has_color', 1034708], [510905, 'has_category', 1033254], [510905, 'also_buy', 644986], [700905, 'also_buy', 8718], [8718, 'has_color', 1034708], [510905, 'also_buy', 8718], [364587, 'has_category', 1033254], [364587, 'also_buy', 8718], [1685, 'has_category', 1033254], [1685, 'also_buy', 8718]]"
205,4,What cardinal/white product is often purchased along with items in the running category?,"[721951, 721939, 651880, 651879, 432017, 360475, 244374]","[[646551, 'has_category', 1033445], [646551, 'also_buy', 721951], [721951, 'has_color', 1034220], [646551, 'also_buy', 721939], [721939, 'has_color', 1034220], [390788, 'has_category', 1033445], [390788, 'also_buy', 651880], [651880, 'has_color', 1034220], [360473, 'has_category', 1033445], [360473, 'also_buy', 651879], [651879, 'has_color', 1034220], [432099, 'has_category', 1033445], [432099, 'also_buy', 432017], [432017, 'has_color', 1034220], [432077, 'has_category', 1033445], [432077, 'also_buy', 432017], [432065, 'has_category', 1033445], [432065, 'also_buy', 432017], [648387, 'has_category', 1033445], [648387, 'also_buy', 360475], [360475, 'has_color', 1034220], [360473, 'also_buy', 244374], [244374, 'has_color', 1034220]]"
206,4,Show me New Orleans Saints items that are frequently bought with throw blankets.,"[598491, 333025, 127138, 106150, 106114, 100435, 67766, 34040]","[[948426, 'has_category', 1033693], [948426, 'also_buy', 598491], [598491, 'has_color', 1034919], [850895, 'has_category', 1033693], [850895, 'also_buy', 333025], [333025, 'has_color', 1034919], [835398, 'has_category', 1033693], [835398, 'also_buy', 333025], [51353, 'has_category', 1033693], [51353, 'also_buy', 127138], [127138, 'has_color', 1034919], [921878, 'has_category', 1033693], [921878, 'also_buy', 106150], [106150, 'has_color', 1034919], [921878, 'also_buy', 106114], [106114, 'has_color', 1034919], [89419, 'has_category', 1033693], [89419, 'also_buy', 100435], [100435, 'has_color', 1034919], [182011, 'has_category', 1033693], [182011, 'also_buy', 67766], [67766, 'has_color', 1034919], [428908, 'has_category', 1033693], [428908, 'also_buy', 34040], [34040, 'has_color', 1034919], [428907, 'has_category', 1033693], [428907, 'also_buy', 34040]]"
207,4,Show me blue/white products that are also bought with items from the tools category.,[214155],"[[661874, 'has_category', 1033706], [661874, 'also_buy', 214155], [214155, 'has_color', 1034145]]"
208,4,Can you recommend a sand colored product that is frequently bought with gunsmithing tools?,"[762476, 41921, 3354]","[[864229, 'has_category', 1032973], [864229, 'also_buy', 762476], [762476, 'has_color', 1035210], [864227, 'has_category', 1032973], [864227, 'also_buy', 762476], [566751, 'has_category', 1032973], [566751, 'also_buy', 762476], [522884, 'has_category', 1032973], [522884, 'also_buy', 762476], [396545, 'has_category', 1032973], [396545, 'also_buy', 762476], [128306, 'has_category', 1032973], [128306, 'also_buy', 41921], [41921, 'has_color', 1035210], [128306, 'also_buy', 3354], [3354, 'has_color', 1035210]]"
209,4,I am looking for a black and orange swimming product that people also buy with other swimming items.,[275250],"[[803689, 'has_category', 1033641], [803689, 'also_buy', 275250], [275250, 'has_color', 1033955]]"
210,4,I'm looking for a Kryptek Typhon colored product that is often bought along with holsters.,[839937],"[[43883, 'has_category', 1033022], [43883, 'also_buy', 839937], [839937, 'has_color', 1034689]]"
211,4,Show me dark grey products that are frequently bought with tie-downs.,[866204],"[[207124, 'has_category', 1033696], [207124, 'also_buy', 866204], [866204, 'has_color', 1034360]]"
212,4,What red product is often bought along with rocker switches?,"[708489, 691491, 102669, 28501]","[[656205, 'has_category', 1033429], [656205, 'also_buy', 708489], [708489, 'has_color', 1035116], [656205, 'also_buy', 691491], [691491, 'has_color', 1035116], [945116, 'has_category', 1033429], [945116, 'also_buy', 102669], [102669, 'has_color', 1035116], [429753, 'has_category', 1033429], [429753, 'also_buy', 102669], [138996, 'has_category', 1033429], [138996, 'also_buy', 28501], [28501, 'has_color', 1035116]]"
213,4,Show me dark blue products that are frequently bought with braided line.,[937818],"[[793955, 'has_category', 1032582], [793955, 'also_buy', 937818], [937818, 'has_color', 1034349], [726569, 'has_category', 1032582], [726569, 'also_buy', 937818], [701653, 'has_category', 1032582], [701653, 'also_buy', 937818], [228106, 'has_category', 1032582], [228106, 'also_buy', 937818], [216746, 'has_category', 1032582], [216746, 'also_buy', 937818], [216032, 'has_category', 1032582], [216032, 'also_buy', 937818], [180253, 'has_category', 1032582], [180253, 'also_buy', 937818], [179986, 'has_category', 1032582], [179986, 'also_buy', 937818]]"
214,4,Show me tortoise colored products that are frequently bought with items from the frame-mounted pumps category.,[366000],"[[775960, 'has_category', 1032901], [775960, 'also_buy', 366000], [366000, 'has_color', 1035391]]"
215,4,Show me amber products that are often bought with folding hunting knives.,[86113],"[[758780, 'has_category', 1032883], [758780, 'also_buy', 86113], [86113, 'has_color', 1033856]]"
216,4,I'm looking for light grey products that are frequently bought with downhill skiing gear.,[273017],"[[699895, 'has_category', 1032765], [699895, 'also_buy', 273017], [273017, 'has_color', 1034713]]"
217,4,Show me lime green products that are also bought with boot bags.,[730893],"[[168444, 'has_category', 1032563], [168444, 'also_buy', 730893], [730893, 'has_color', 1034728]]"
218,4,I am looking for a typhon colored product that is often bought with magazines.,"[940336, 786526, 785861]","[[831612, 'has_category', 1033163], [831612, 'also_buy', 940336], [940336, 'has_color', 1035414], [748102, 'has_category', 1033163], [748102, 'also_buy', 940336], [499836, 'has_category', 1033163], [499836, 'also_buy', 940336], [220059, 'has_category', 1033163], [220059, 'also_buy', 940336], [78730, 'has_category', 1033163], [78730, 'also_buy', 940336], [831612, 'also_buy', 786526], [786526, 'has_color', 1035414], [748102, 'also_buy', 786526], [499836, 'also_buy', 786526], [78730, 'also_buy', 786526], [770490, 'has_category', 1033163], [770490, 'also_buy', 785861], [785861, 'has_color', 1035414], [748102, 'also_buy', 785861], [696869, 'has_category', 1033163], [696869, 'also_buy', 785861], [639709, 'has_category', 1033163], [639709, 'also_buy', 785861], [615538, 'has_category', 1033163], [615538, 'also_buy', 785861], [591704, 'has_category', 1033163], [591704, 'also_buy', 785861], [499836, 'also_buy', 785861], [238378, 'has_category', 1033163], [238378, 'also_buy', 785861]]"
219,4,Show me an inferno colored product that is frequently bought with hiking daypacks.,[843637],"[[831415, 'has_category', 1033015], [831415, 'also_buy', 843637], [843637, 'has_color', 1034646]]"
220,4,Show me Cleveland Browns colored footwear that is frequently bought with other footwear products.,"[785647, 765268, 662932, 614229]","[[210854, 'has_category', 1032898], [210854, 'also_buy', 785647], [785647, 'has_color', 1034286], [954021, 'has_category', 1032898], [954021, 'also_buy', 765268], [765268, 'has_color', 1034286], [954008, 'has_category', 1032898], [954008, 'also_buy', 765268], [34040, 'has_category', 1032898], [34040, 'also_buy', 662932], [662932, 'has_color', 1034286], [140734, 'has_category', 1032898], [140734, 'also_buy', 614229], [614229, 'has_color', 1034286], [34040, 'also_buy', 614229]]"
221,4,I am looking for a neon turquoise product that is often bought with swivels.,"[602995, 510488]","[[66656, 'has_category', 1033647], [66656, 'also_buy', 602995], [602995, 'has_color', 1034907], [66656, 'also_buy', 510488], [510488, 'has_color', 1034907]]"
222,4,Show me amber products that are frequently bought with air pistols.,[18612],"[[419387, 'has_category', 1032424], [419387, 'also_buy', 18612], [18612, 'has_color', 1033856]]"
223,4,Show me navy products that are often bought with marker maintenance equipment.,[194556],"[[567784, 'has_category', 1033170], [567784, 'also_buy', 194556], [194556, 'has_color', 1034879], [524680, 'has_category', 1033170], [524680, 'also_buy', 194556]]"
224,4,Show me white/grey products that are frequently bought with compression shorts.,[336566],"[[381327, 'has_category', 1032682], [381327, 'also_buy', 336566], [336566, 'has_color', 1035498]]"
225,4,Show me items that are frequently bought with travel mugs and feature Virginia Tech Hokies colors.,[8818],"[[574503, 'has_category', 1033734], [574503, 'also_buy', 8818], [8818, 'has_color', 1035444]]"
226,4,What teal products are frequently bought along with flatware?,"[930860, 537639]","[[562076, 'has_category', 1032862], [562076, 'also_buy', 930860], [930860, 'has_color', 1035360], [562076, 'also_buy', 537639], [537639, 'has_color', 1035360], [513915, 'has_category', 1032862], [513915, 'also_buy', 537639], [532124, 'has_category', 1032862], [532124, 'also_buy', 537639], [484706, 'has_category', 1032862], [484706, 'also_buy', 537639], [361694, 'has_category', 1032862], [361694, 'also_buy', 537639]]"
227,4,I'm looking for rose pink products that are frequently bought with gun holsters.,"[529020, 382295]","[[928550, 'has_category', 1032961], [928550, 'also_buy', 529020], [529020, 'has_color', 1035169], [47890, 'has_category', 1032961], [47890, 'also_buy', 382295], [382295, 'has_color', 1035169]]"
228,4,What white/black/white product is often bought along with brake parts?,[827855],"[[939334, 'has_category', 1032586], [939334, 'also_buy', 827855], [827855, 'has_color', 1035491], [939333, 'has_category', 1032586], [939333, 'also_buy', 827855]]"
229,4,I'm looking for products in assorted colors that are often purchased along with volleyballs.,"[80308, 32569, 29562]","[[91167, 'has_category', 1033772], [91167, 'also_buy', 80308], [80308, 'has_color', 1033892], [612122, 'has_category', 1033772], [612122, 'also_buy', 32569], [32569, 'has_color', 1033892], [279469, 'has_category', 1033772], [279469, 'also_buy', 32569], [41256, 'has_category', 1033772], [41256, 'also_buy', 32569], [26576, 'has_category', 1033772], [26576, 'also_buy', 32569], [691701, 'has_category', 1033772], [691701, 'also_buy', 29562], [29562, 'has_color', 1033892], [411331, 'has_category', 1033772], [411331, 'also_buy', 29562]]"
230,4,I'm looking for a white/red product that is frequently bought along with items in the insert tape category.,[366045],"[[221805, 'has_category', 1033062], [221805, 'also_buy', 366045], [366045, 'has_color', 1035505]]"
231,4,What fire colored products are often bought with snowboarding gear?,"[719448, 425977, 301948]","[[495862, 'has_category', 1033557], [495862, 'also_buy', 719448], [719448, 'has_color', 1034464], [645009, 'has_category', 1033557], [645009, 'also_buy', 425977], [425977, 'has_color', 1034464], [495862, 'also_buy', 301948], [301948, 'has_color', 1034464]]"
232,4,What is a product that is often bought along with headlight-taillight combinations?,[578584],"[[752596, 'has_category', 1033000], [752596, 'also_buy', 578584], [578584, 'has_color', 1035304]]"
233,4,What white/black products are frequently bought with knee pads?,"[778682, 605733, 588492, 360588, 210265, 8066]","[[660170, 'has_category', 1033093], [660170, 'also_buy', 778682], [778682, 'has_color', 1035488], [135491, 'has_category', 1033093], [135491, 'also_buy', 605733], [605733, 'has_color', 1035488], [147142, 'has_category', 1033093], [147142, 'also_buy', 588492], [588492, 'has_color', 1035488], [715883, 'has_category', 1033093], [715883, 'also_buy', 360588], [360588, 'has_color', 1035488], [705466, 'has_category', 1033093], [705466, 'also_buy', 360588], [360582, 'has_category', 1033093], [360582, 'also_buy', 360588], [147144, 'has_category', 1033093], [147144, 'also_buy', 360588], [144831, 'has_category', 1033093], [144831, 'also_buy', 360588], [705466, 'also_buy', 210265], [210265, 'has_color', 1035488], [660170, 'also_buy', 8066], [8066, 'has_color', 1035488]]"
234,4,Show me aqua straps that are often bought with other straps.,"[863206, 778567, 746629, 137629]","[[778866, 'has_category', 1033617], [778866, 'also_buy', 863206], [863206, 'has_color', 1033869], [942713, 'has_category', 1033617], [942713, 'also_buy', 778567], [778567, 'has_color', 1033869], [942705, 'has_category', 1033617], [942705, 'also_buy', 746629], [746629, 'has_color', 1033869], [103619, 'has_category', 1033617], [103619, 'also_buy', 137629], [137629, 'has_color', 1033869]]"
235,4,I'm looking for a royal blue product that is often bought with archery equipment.,[46498],"[[886570, 'has_category', 1032437], [886570, 'also_buy', 46498], [46498, 'has_color', 1035175]]"
236,4,Show me products in kryptek highlander color that people also buy with gun racks.,"[875364, 788372, 556266, 556263, 536322]","[[21935, 'has_category', 1032964], [21935, 'also_buy', 875364], [875364, 'has_color', 1034688], [41994, 'has_category', 1032964], [41994, 'also_buy', 788372], [788372, 'has_color', 1034688], [21935, 'also_buy', 556266], [556266, 'has_color', 1034688], [21935, 'also_buy', 556263], [556263, 'has_color', 1034688], [638418, 'has_category', 1032964], [638418, 'also_buy', 536322], [536322, 'has_color', 1034688]]"
237,4,I am looking for the hunter colored product that people also buy with items in the optics category.,[348258],"[[935487, 'has_category', 1033247], [935487, 'also_buy', 348258], [348258, 'has_color', 1034624], [865724, 'has_category', 1033247], [865724, 'also_buy', 348258]]"
238,4,I am looking for a dark blue product that is frequently bought with kayaking equipment.,"[938340, 826740, 586365]","[[424070, 'has_category', 1033079], [424070, 'also_buy', 938340], [938340, 'has_color', 1034349], [632854, 'has_category', 1033079], [632854, 'also_buy', 826740], [826740, 'has_color', 1034349], [630501, 'has_category', 1033079], [630501, 'also_buy', 826740], [378868, 'has_category', 1033079], [378868, 'also_buy', 826740], [716632, 'has_category', 1033079], [716632, 'also_buy', 586365], [586365, 'has_color', 1034349]]"
239,4,Show me snow colored products that are frequently bought with tactical pouches.,[23353],"[[925813, 'has_category', 1033664], [925813, 'also_buy', 23353], [23353, 'has_color', 1035280]]"
240,4,I'm looking for a black/grey product that is often bought together with ball polishers.,"[651724, 371812, 372127, 206231]","[[625320, 'has_category', 1032466], [625320, 'also_buy', 651724], [651724, 'has_color', 1034050], [292039, 'has_category', 1032466], [292039, 'also_buy', 651724], [206222, 'has_category', 1032466], [206222, 'also_buy', 651724], [206281, 'has_category', 1032466], [206281, 'also_buy', 651724], [77706, 'has_category', 1032466], [77706, 'also_buy', 651724], [50778, 'has_category', 1032466], [50778, 'also_buy', 651724], [751191, 'has_category', 1032466], [751191, 'also_buy', 371812], [371812, 'has_color', 1034050], [625320, 'also_buy', 371812], [301117, 'has_category', 1032466], [301117, 'also_buy', 371812], [292039, 'also_buy', 371812], [267459, 'has_category', 1032466], [267459, 'also_buy', 371812], [206222, 'also_buy', 371812], [206281, 'also_buy', 371812], [50778, 'also_buy', 371812], [625320, 'also_buy', 372127], [372127, 'has_color', 1034050], [311730, 'has_category', 1032466], [311730, 'also_buy', 372127], [301117, 'also_buy', 372127], [292039, 'also_buy', 372127], [267459, 'also_buy', 372127], [206222, 'also_buy', 372127], [206281, 'also_buy', 372127], [77706, 'also_buy', 372127], [50778, 'also_buy', 372127], [751191, 'also_buy', 206231], [206231, 'has_color', 1034050], [625320, 'also_buy', 206231], [455236, 'has_category', 1032466], [455236, 'also_buy', 206231], [311730, 'also_buy', 206231], [292039, 'also_buy', 206231], [267459, 'also_buy', 206231], [206222, 'also_buy', 206231], [206281, 'also_buy', 206231], [77706, 'also_buy', 206231], [50778, 'also_buy', 206231]]"
241,4,Can you show me some black/grey products that are frequently bought with adult helmets?,"[896231, 892926, 478348]","[[330545, 'has_category', 1032416], [330545, 'also_buy', 896231], [896231, 'has_color', 1034050], [946790, 'has_category', 1032416], [946790, 'also_buy', 892926], [892926, 'has_color', 1034050], [813756, 'has_category', 1032416], [813756, 'also_buy', 478348], [478348, 'has_color', 1034050]]"
242,4,Show me walnut colored products that are also bought with pennants.,[292353],"[[45485, 'has_category', 1033285], [45485, 'also_buy', 292353], [292353, 'has_color', 1035455], [16620, 'has_category', 1033285], [16620, 'also_buy', 292353]]"
243,4,Show me buffalo sabres colored products that are frequently bought with training equipment.,[220629],"[[854260, 'has_category', 1033728], [854260, 'also_buy', 220629], [220629, 'has_color', 1034194]]"
244,4,Show me grey heather products that are frequently bought with snowboarding gear.,"[495862, 400862]","[[942622, 'has_category', 1033557], [942622, 'also_buy', 495862], [495862, 'has_color', 1034569], [920203, 'has_category', 1033557], [920203, 'also_buy', 495862], [880389, 'has_category', 1033557], [880389, 'also_buy', 495862], [869353, 'has_category', 1033557], [869353, 'also_buy', 495862], [868131, 'has_category', 1033557], [868131, 'also_buy', 495862], [868208, 'has_category', 1033557], [868208, 'also_buy', 495862], [868197, 'has_category', 1033557], [868197, 'also_buy', 495862], [868193, 'has_category', 1033557], [868193, 'also_buy', 495862], [868192, 'has_category', 1033557], [868192, 'also_buy', 495862], [868189, 'has_category', 1033557], [868189, 'also_buy', 495862], [868187, 'has_category', 1033557], [868187, 'also_buy', 495862], [868185, 'has_category', 1033557], [868185, 'also_buy', 495862], [868184, 'has_category', 1033557], [868184, 'also_buy', 495862], [868174, 'has_category', 1033557], [868174, 'also_buy', 495862], [868173, 'has_category', 1033557], [868173, 'also_buy', 495862], [868172, 'has_category', 1033557], [868172, 'also_buy', 495862], [868170, 'has_category', 1033557], [868170, 'also_buy', 495862], [864299, 'has_category', 1033557], [864299, 'also_buy', 495862], [857575, 'has_category', 1033557], [857575, 'also_buy', 495862], [869418, 'has_category', 1033557], [869418, 'also_buy', 495862], [868167, 'has_category', 1033557], [868167, 'also_buy', 495862], [868166, 'has_category', 1033557], [868166, 'also_buy', 495862], [868164, 'has_category', 1033557], [868164, 'also_buy', 495862], [803219, 'has_category', 1033557], [803219, 'also_buy', 495862], [794969, 'has_category', 1033557], [794969, 'also_buy', 495862], [793559, 'has_category', 1033557], [793559, 'also_buy', 495862], [785937, 'has_category', 1033557], [785937, 'also_buy', 495862], [785104, 'has_category', 1033557], [785104, 'also_buy', 495862], [780630, 'has_category', 1033557], [780630, 'also_buy', 495862], [775725, 'has_category', 1033557], [775725, 'also_buy', 495862], [775718, 'has_category', 1033557], [775718, 'also_buy', 495862], [775700, 'has_category', 1033557], [775700, 'also_buy', 495862], [775696, 'has_category', 1033557], [775696, 'also_buy', 495862], [775695, 'has_category', 1033557], [775695, 'also_buy', 495862], [742017, 'has_category', 1033557], [742017, 'also_buy', 495862], [742016, 'has_category', 1033557], [742016, 'also_buy', 495862], [742014, 'has_category', 1033557], [742014, 'also_buy', 495862], [742013, 'has_category', 1033557], [742013, 'also_buy', 495862], [729756, 'has_category', 1033557], [729756, 'also_buy', 495862], [729752, 'has_category', 1033557], [729752, 'also_buy', 495862], [729747, 'has_category', 1033557], [729747, 'also_buy', 495862], [727623, 'has_category', 1033557], [727623, 'also_buy', 495862], [711958, 'has_category', 1033557], [711958, 'also_buy', 495862], [685515, 'has_category', 1033557], [685515, 'also_buy', 495862], [685494, 'has_category', 1033557], [685494, 'also_buy', 495862], [664946, 'has_category', 1033557], [664946, 'also_buy', 495862], [640925, 'has_category', 1033557], [640925, 'also_buy', 495862], [632484, 'has_category', 1033557], [632484, 'also_buy', 495862], [644441, 'has_category', 1033557], [644441, 'also_buy', 495862], [597298, 'has_category', 1033557], [597298, 'also_buy', 495862], [582063, 'has_category', 1033557], [582063, 'also_buy', 495862], [548271, 'has_category', 1033557], [548271, 'also_buy', 495862], [546579, 'has_category', 1033557], [546579, 'also_buy', 495862], [545360, 'has_category', 1033557], [545360, 'also_buy', 495862], [523204, 'has_category', 1033557], [523204, 'also_buy', 495862], [519520, 'has_category', 1033557], [519520, 'also_buy', 495862], [492431, 'has_category', 1033557], [492431, 'also_buy', 495862], [480611, 'has_category', 1033557], [480611, 'also_buy', 495862], [480579, 'has_category', 1033557], [480579, 'also_buy', 495862], [399948, 'has_category', 1033557], [399948, 'also_buy', 495862], [399941, 'has_category', 1033557], [399941, 'also_buy', 495862], [399932, 'has_category', 1033557], [399932, 'also_buy', 495862], [399930, 'has_category', 1033557], [399930, 'also_buy', 495862], [399927, 'has_category', 1033557], [399927, 'also_buy', 495862], [399925, 'has_category', 1033557], [399925, 'also_buy', 495862], [399924, 'has_category', 1033557], [399924, 'also_buy', 495862], [398362, 'has_category', 1033557], [398362, 'also_buy', 495862], [398359, 'has_category', 1033557], [398359, 'also_buy', 495862], [260702, 'has_category', 1033557], [260702, 'also_buy', 495862], [244572, 'has_category', 1033557], [244572, 'also_buy', 495862], [144920, 'has_category', 1033557], [144920, 'also_buy', 495862], [36029, 'has_category', 1033557], [36029, 'also_buy', 495862], [495862, 'has_category', 1033557], [495862, 'also_buy', 400862], [400862, 'has_color', 1034569]]"
245,4,I'm looking for a black and white product in the skiing category that is often bought with other skiing items.,[765902],"[[278821, 'has_category', 1033528], [278821, 'also_buy', 765902], [765902, 'has_color', 1033945]]"
246,4,Show me rose colored products that are often bought together with items in the personal care products category.,[788094],"[[25172, 'has_category', 1033291], [25172, 'also_buy', 788094], [788094, 'has_color', 1035167]]"
247,4,Show me products in san antonio spurs color that are also bought with jumping trainers.,[367231],"[[908085, 'has_category', 1033076], [908085, 'also_buy', 367231], [367231, 'has_color', 1035204]]"
248,4,What products are frequently bought with liners?,"[506201, 506234, 186773, 179902]","[[250758, 'has_category', 1033124], [250758, 'also_buy', 506201], [506201, 'has_color', 1034874], [37216, 'has_category', 1033124], [37216, 'also_buy', 506234], [506234, 'has_color', 1034874], [133384, 'has_category', 1033124], [133384, 'also_buy', 186773], [186773, 'has_color', 1034874], [37216, 'also_buy', 186773], [37216, 'also_buy', 179902], [179902, 'has_color', 1034874]]"
249,5,Show me products that are also viewed by customers interested in ISURE hardware.,[930646],"[[723421, 'has_category', 1032993], [723421, 'has_brand', 987556], [723421, 'also_view', 930646]]"
250,5,What products are also viewed by customers looking at Neet finger tabs?,"[690077, 690080, 549001, 836002, 835986, 663427, 462516]","[[690080, 'has_category', 1032837], [690080, 'has_brand', 1000163], [690080, 'also_view', 690077], [690077, 'has_category', 1032837], [690077, 'has_brand', 1000163], [690077, 'also_view', 690080], [690073, 'has_category', 1032837], [690073, 'has_brand', 1000163], [690073, 'also_view', 549001], [663419, 'has_category', 1032837], [663419, 'has_brand', 1000163], [663419, 'also_view', 836002], [663419, 'also_view', 835986], [663419, 'also_view', 663427], [663419, 'also_view', 462516]]"
251,5,What other equestrian sports products from International Riding are also viewed by customers?,"[541335, 196853, 950897, 814131, 341377, 243789, 226225, 196865, 132422]","[[196865, 'has_category', 1032810], [196865, 'has_brand', 988258], [196865, 'also_view', 541335], [196865, 'also_view', 196853], [196853, 'has_category', 1032810], [196853, 'has_brand', 988258], [196853, 'also_view', 950897], [196853, 'also_view', 814131], [196853, 'also_view', 341377], [196853, 'also_view', 243789], [196853, 'also_view', 226225], [196853, 'also_view', 196865], [196853, 'also_view', 132422]]"
252,5,What are some products also viewed with K3 duffle bags?,"[776189, 743217, 743210]","[[768919, 'has_category', 1032781], [768919, 'has_brand', 990198], [768919, 'also_view', 776189], [768919, 'also_view', 743217], [768919, 'also_view', 743210]]"
253,5,Show me some bindings from the brand Marc Deschene.,"[856091, 459187, 368188, 167174, 113713]","[[410617, 'has_category', 1032535], [410617, 'has_brand', 1031074], [410617, 'also_view', 856091], [410617, 'also_view', 459187], [410617, 'also_view', 368188], [410617, 'also_view', 167174], [410617, 'also_view', 113713]]"
254,5,Show me some throwing equipment from the brand DSP.,"[886878, 886888, 879838, 763039, 277867, 80177, 61530]","[[886888, 'has_category', 1033695], [886888, 'has_brand', 972942], [886888, 'also_view', 886878], [886878, 'has_category', 1033695], [886878, 'has_brand', 972942], [886878, 'also_view', 886888], [886878, 'also_view', 879838], [886878, 'also_view', 763039], [886878, 'also_view', 277867], [886878, 'also_view', 80177], [886878, 'also_view', 61530], [886861, 'has_category', 1033695], [886861, 'has_brand', 972942], [886861, 'also_view', 80177]]"
255,5,What other products do people usually view when they are looking at Action seat clamps?,"[814023, 530919, 464691, 380843, 380092, 119541, 115367, 64052, 19693, 137099]","[[269525, 'has_category', 1033474], [269525, 'has_brand', 959350], [269525, 'also_view', 814023], [269525, 'also_view', 530919], [269525, 'also_view', 464691], [269525, 'also_view', 380843], [269525, 'also_view', 380092], [269525, 'also_view', 119541], [269525, 'also_view', 115367], [269525, 'also_view', 64052], [269525, 'also_view', 19693], [80823, 'has_category', 1033474], [80823, 'has_brand', 959350], [80823, 'also_view', 137099]]"
256,5,Show me some Deermeak gun scopes.,"[916730, 894864, 880591, 873470, 866372, 757568, 673935, 560410, 447973, 273828]","[[576515, 'has_category', 1032967], [576515, 'has_brand', 973650], [576515, 'also_view', 916730], [576515, 'also_view', 894864], [576515, 'also_view', 880591], [576515, 'also_view', 873470], [576515, 'also_view', 866372], [576515, 'also_view', 757568], [576515, 'also_view', 673935], [576515, 'also_view', 560410], [576515, 'also_view', 447973], [576515, 'also_view', 273828]]"
257,5,What other products are frequently viewed by people looking at Outdoor Products stuff sacks?,"[386732, 187092]","[[6965, 'has_category', 1033622], [6965, 'has_brand', 1002737], [6965, 'also_view', 386732], [6965, 'also_view', 187092]]"
258,5,Show me products that people also view when looking at Classic Accessories training fins.,"[814551, 713053, 670917, 562178, 531029, 473687, 400629, 389833, 389828, 212394]","[[1004, 'has_category', 1033729], [1004, 'has_brand', 970184], [1004, 'also_view', 814551], [1004, 'also_view', 713053], [1004, 'also_view', 670917], [1004, 'also_view', 562178], [1004, 'also_view', 531029], [1004, 'also_view', 473687], [1004, 'also_view', 400629], [1004, 'also_view', 389833], [1004, 'also_view', 389828], [1004, 'also_view', 212394]]"
259,5,What other products do people often view when looking at Hot Gloves brand gloves?,"[299290, 278226, 26124]","[[224117, 'has_category', 1032925], [224117, 'has_brand', 986728], [224117, 'also_view', 299290], [224117, 'also_view', 278226], [224117, 'also_view', 26124]]"
260,5,What other products do people often view when they are looking at Columbia bibs?,"[891929, 891890, 889538, 572888]","[[343072, 'has_category', 1032516], [343072, 'has_brand', 970794], [343072, 'also_view', 891929], [202364, 'has_category', 1032516], [202364, 'has_brand', 970794], [202364, 'also_view', 891890], [202364, 'also_view', 889538], [202364, 'also_view', 572888]]"
261,5,Show me products similar to Paroh liners.,"[120999, 72808]","[[629868, 'has_category', 1033124], [629868, 'has_brand', 1003959], [629868, 'also_view', 120999], [629868, 'also_view', 72808]]"
262,5,What other products are often viewed by people looking at The Bean exercise balls?,[26343],"[[132286, 'has_category', 1032813], [132286, 'has_brand', 1019614], [132286, 'also_view', 26343]]"
263,5,Show me ninja weapons from the brand TMAS and what other products are also viewed with them.,"[875296, 8796]","[[1259, 'has_category', 1033213], [1259, 'has_brand', 1018136], [1259, 'also_view', 875296], [1259, 'also_view', 8796]]"
264,5,Show me products that are also viewed by customers looking at AWOEZ hand warmers.,[617410],"[[677650, 'has_category', 1032979], [677650, 'has_brand', 959030], [677650, 'also_view', 617410]]"
265,5,What other products do people view when looking at Paha Que Wilderness camping furniture?,"[826404, 759400, 929570]","[[576128, 'has_category', 1032608], [576128, 'has_brand', 1003685], [576128, 'also_view', 826404], [576128, 'also_view', 759400], [564912, 'has_category', 1032608], [564912, 'has_brand', 1003685], [564912, 'also_view', 929570]]"
266,5,What products are often viewed alongside UV-Blocker sun shelters?,"[578335, 19553, 787500, 630668, 308131]","[[645201, 'has_category', 1033625], [645201, 'has_brand', 1022931], [645201, 'also_view', 578335], [645201, 'also_view', 19553], [645199, 'has_category', 1033625], [645199, 'has_brand', 1022931], [645199, 'also_view', 787500], [645199, 'also_view', 630668], [645199, 'also_view', 308131], [645199, 'also_view', 19553]]"
267,5,What products are also viewed along with ISPORT fenders?,[917007],"[[649276, 'has_category', 1032830], [649276, 'has_brand', 987551], [649276, 'also_view', 917007]]"
268,5,What products are frequently viewed alongside Trident diving masks?,"[506763, 390816, 390812, 390810, 901460, 746428, 158151, 139846]","[[389711, 'has_category', 1032756], [389711, 'has_brand', 1021833], [389711, 'also_view', 506763], [389711, 'also_view', 390816], [389711, 'also_view', 390812], [389711, 'also_view', 390810], [231001, 'has_category', 1032756], [231001, 'has_brand', 1021833], [231001, 'also_view', 901460], [231001, 'also_view', 746428], [231001, 'also_view', 158151], [3947, 'has_category', 1032756], [3947, 'has_brand', 1021833], [3947, 'also_view', 506763], [1593, 'has_category', 1032756], [1593, 'has_brand', 1021833], [1593, 'also_view', 506763], [1593, 'also_view', 390816], [1593, 'also_view', 390810], [1593, 'also_view', 139846]]"
269,5,What products are also viewed by people looking at 2nd Skull headbands?,"[690363, 675067, 224716]","[[910025, 'has_category', 1032997], [910025, 'has_brand', 957476], [910025, 'also_view', 690363], [910025, 'also_view', 675067], [910025, 'also_view', 224716]]"
270,5,"I'm looking at VAUDE windbreakers, can you show me some other products that people also view?",[635110],"[[443360, 'has_category', 1033811], [443360, 'has_brand', 1023630], [443360, 'also_view', 635110]]"
271,5,What products are often viewed alongside Aquagard maintenance supplies?,"[386711, 14270, 658045, 52466]","[[487099, 'has_category', 1033167], [487099, 'has_brand', 961433], [487099, 'also_view', 386711], [487099, 'also_view', 14270], [158721, 'has_category', 1033167], [158721, 'has_brand', 961433], [158721, 'also_view', 14270], [113477, 'has_category', 1033167], [113477, 'has_brand', 961433], [113477, 'also_view', 658045], [113477, 'also_view', 52466]]"
272,5,Show me products that customers also view when browsing imported Leki brand items.,"[893083, 861948, 314128, 67693]","[[629093, 'has_category', 1033049], [629093, 'has_brand', 993462], [629093, 'also_view', 893083], [629093, 'also_view', 861948], [629093, 'also_view', 314128], [629093, 'also_view', 67693]]"
273,5,What products are often viewed by customers who are looking at Goeco boxing equipment?,"[733418, 725503, 703853, 500775, 378693, 231796]","[[953900, 'has_category', 1032577], [953900, 'has_brand', 1030314], [953900, 'also_view', 733418], [953900, 'also_view', 725503], [953900, 'also_view', 703853], [953900, 'also_view', 500775], [953900, 'also_view', 378693], [953900, 'also_view', 231796]]"
274,5,"I'm looking for some Club Champ golf club bag accessories, what are some other products people often view alongside them?","[838111, 832487, 706559, 426430, 143963, 39045]","[[119685, 'has_category', 1032937], [119685, 'has_brand', 970437], [119685, 'also_view', 838111], [119685, 'also_view', 832487], [119685, 'also_view', 706559], [119685, 'also_view', 426430], [119685, 'also_view', 143963], [119685, 'also_view', 39045]]"
275,5,What products are also viewed when looking at PWR-ARM II boat covers?,"[437557, 33613]","[[557455, 'has_category', 1032550], [557455, 'has_brand', 1003541], [557455, 'also_view', 437557], [557455, 'also_view', 33613]]"
276,5,What other products do people view when they are looking at CROC saws?,"[927687, 919477, 879831, 871093, 846699, 760291, 121233, 88504, 72581]","[[532085, 'has_category', 1033457], [532085, 'has_brand', 968257], [532085, 'also_view', 927687], [532085, 'also_view', 919477], [532085, 'also_view', 879831], [532085, 'also_view', 871093], [532085, 'also_view', 846699], [532085, 'also_view', 760291], [532085, 'also_view', 121233], [532085, 'also_view', 88504], [532085, 'also_view', 72581]]"
277,5,What products are also viewed by customers interested in Mooto forearm guards?,"[691019, 691009]","[[589532, 'has_category', 1032899], [589532, 'has_brand', 998462], [589532, 'also_view', 691019], [589532, 'also_view', 691009]]"
278,5,What products are often viewed alongside ToolUSA climbing gear?,[621995],"[[86513, 'has_category', 1032661], [86513, 'has_brand', 1020986], [86513, 'also_view', 621995]]"
279,5,What products are also viewed by people interested in Hikingworld open fire cookware?,"[851862, 765560, 754526, 674506, 631427, 388987, 151792, 143686, 40167, 5038]","[[792311, 'has_category', 1033244], [792311, 'has_brand', 986152], [792311, 'also_view', 851862], [792311, 'also_view', 765560], [792311, 'also_view', 754526], [792311, 'also_view', 674506], [792311, 'also_view', 631427], [792311, 'also_view', 388987], [792311, 'also_view', 151792], [792311, 'also_view', 143686], [792311, 'also_view', 40167], [792311, 'also_view', 5038]]"
280,5,What products are also viewed by people interested in 4EVA RING exercise bands?,"[841835, 820268, 748423, 692369]","[[811060, 'has_category', 1032814], [811060, 'has_brand', 957669], [811060, 'also_view', 841835], [811060, 'also_view', 820268], [811060, 'also_view', 748423], [811060, 'also_view', 692369], [811059, 'has_category', 1032814], [811059, 'has_brand', 957669], [811059, 'also_view', 841835], [811059, 'also_view', 820268], [811059, 'also_view', 748423], [811059, 'also_view', 692369], [811058, 'has_category', 1032814], [811058, 'has_brand', 957669], [811058, 'also_view', 841835], [811058, 'also_view', 820268], [811058, 'also_view', 748423], [811058, 'also_view', 692369]]"
281,5,What products are also viewed when looking at Lobek sports water bottles?,[661893],"[[873728, 'has_category', 1033584], [873728, 'has_brand', 994230], [873728, 'also_view', 661893]]"
282,5,What other products are frequently viewed alongside Ofinito exercise bands?,"[904747, 865616, 442118, 237667, 177669, 32521]","[[925848, 'has_category', 1032814], [925848, 'has_brand', 1001925], [925848, 'also_view', 904747], [925848, 'also_view', 865616], [925848, 'also_view', 442118], [925848, 'also_view', 237667], [925848, 'also_view', 177669], [925848, 'also_view', 32521]]"
283,5,What other products are frequently viewed alongside LuvyDuvy freeze-dried food?,"[870536, 768670, 716411, 453316, 28150, 5037, 479, 477]","[[145253, 'has_category', 1032904], [145253, 'has_brand', 994786], [145253, 'also_view', 870536], [145253, 'also_view', 768670], [145253, 'also_view', 716411], [145253, 'also_view', 453316], [145253, 'also_view', 28150], [145253, 'also_view', 5037], [145253, 'also_view', 479], [145253, 'also_view', 477]]"
284,5,Show me stabilizers from 30-06 OUTDOORS LLC.,"[924805, 854952, 757563, 698064, 660250, 659741, 424688, 407350, 791994, 233383]","[[566789, 'has_category', 1033590], [566789, 'has_brand', 957497], [566789, 'also_view', 924805], [566789, 'also_view', 854952], [566789, 'also_view', 757563], [566789, 'also_view', 698064], [566789, 'also_view', 660250], [566789, 'also_view', 659741], [566789, 'also_view', 424688], [566789, 'also_view', 407350], [566777, 'has_category', 1033590], [566777, 'has_brand', 957497], [566777, 'also_view', 757563], [566777, 'also_view', 660250], [566802, 'has_category', 1033590], [566802, 'has_brand', 957497], [566802, 'also_view', 854952], [566802, 'also_view', 791994], [566802, 'also_view', 757563], [566802, 'also_view', 660250], [566802, 'also_view', 407350], [566802, 'also_view', 233383]]"
285,5,Show me products that are also viewed when looking at Bluenet soft lures.,"[925178, 900456, 892861, 856979, 766287, 637630, 615743, 932655]","[[839058, 'has_category', 1033566], [839058, 'has_brand', 965907], [839058, 'also_view', 925178], [839058, 'also_view', 900456], [839058, 'also_view', 892861], [839058, 'also_view', 856979], [839058, 'also_view', 766287], [839058, 'also_view', 637630], [839058, 'also_view', 615743], [569773, 'has_category', 1033566], [569773, 'has_brand', 965907], [569773, 'also_view', 932655]]"
286,5,Show me products that people also view when looking at Bundle Monster head covers.,"[896082, 842111, 817090, 782898, 782411, 658357, 409744, 170767, 43399]","[[327614, 'has_category', 1032996], [327614, 'has_brand', 967286], [327614, 'also_view', 896082], [327614, 'also_view', 842111], [327614, 'also_view', 817090], [327614, 'also_view', 782898], [327614, 'also_view', 782411], [327614, 'also_view', 658357], [327614, 'also_view', 409744], [327614, 'also_view', 170767], [327614, 'also_view', 43399]]"
287,5,Show me baseball caps from Authentic Baseball Shop.,[720188],"[[731185, 'has_category', 1032478], [731185, 'has_brand', 962189], [731185, 'also_view', 720188]]"
288,5,Show me High Country Plastics products in the equestrian sports category.,"[894764, 25306, 336144, 168701, 61344]","[[336144, 'has_category', 1032810], [336144, 'has_brand', 986069], [336144, 'also_view', 894764], [336144, 'also_view', 25306], [25306, 'has_category', 1032810], [25306, 'has_brand', 986069], [25306, 'also_view', 336144], [25306, 'also_view', 168701], [25306, 'also_view', 61344]]"
289,5,What other products are also viewed by people interested in Bigfoot decoys?,"[956242, 944373, 499161, 271042, 109203]","[[109177, 'has_category', 1032730], [109177, 'has_brand', 965115], [109177, 'also_view', 956242], [109177, 'also_view', 944373], [109177, 'also_view', 499161], [109177, 'also_view', 271042], [109177, 'also_view', 109203]]"
290,5,I'm looking for martial arts products from Star Sports Group and what other items customers also view.,"[696075, 407511, 213883]","[[527468, 'has_category', 1033172], [527468, 'has_brand', 1015821], [527468, 'also_view', 696075], [527468, 'also_view', 407511], [527468, 'also_view', 213883]]"
291,5,I am looking for some sports water bottle accessories from the brand OneTigris.,"[861832, 861807, 832894, 585232]","[[767539, 'has_category', 1033583], [767539, 'has_brand', 1002250], [767539, 'also_view', 861832], [767539, 'also_view', 861807], [767539, 'also_view', 832894], [685643, 'has_category', 1033583], [685643, 'has_brand', 1002250], [685643, 'also_view', 832894], [685643, 'also_view', 585232]]"
292,5,What products are also viewed by customers looking at Unique racquet grips?,"[866784, 569488, 539368, 116336, 65431, 569509, 477102, 308363, 127895, 127866]","[[58064, 'has_category', 1033383], [58064, 'has_brand', 1023284], [58064, 'also_view', 866784], [58064, 'also_view', 569488], [58064, 'also_view', 539368], [58064, 'also_view', 116336], [58064, 'also_view', 65431], [31043, 'has_category', 1033383], [31043, 'has_brand', 1023284], [31043, 'also_view', 569509], [31043, 'also_view', 477102], [31043, 'also_view', 308363], [31043, 'also_view', 127895], [31043, 'also_view', 127866], [31043, 'also_view', 116336]]"
293,5,I am looking for Beckson bilge pumps.,"[871526, 502303, 456114, 394550, 207915, 46180, 20967, 394541, 93799]","[[93799, 'has_category', 1032529], [93799, 'has_brand', 964372], [93799, 'also_view', 871526], [93799, 'also_view', 502303], [93799, 'also_view', 456114], [93799, 'also_view', 394550], [93799, 'also_view', 207915], [93799, 'also_view', 46180], [93799, 'also_view', 20967], [46180, 'has_category', 1032529], [46180, 'has_brand', 964372], [46180, 'also_view', 394541], [46180, 'also_view', 93799]]"
294,5,What products are also viewed by people interested in TOOGOO(R) artificial bait?,[511753],"[[766003, 'has_category', 1032442], [766003, 'has_brand', 1018213], [766003, 'also_view', 511753]]"
295,5,Show me some Strike King bait rigs.,"[331797, 55969, 527801, 415995, 361114, 213534]","[[636345, 'has_category', 1032460], [636345, 'has_brand', 1016389], [636345, 'also_view', 331797], [636345, 'also_view', 55969], [606104, 'has_category', 1032460], [606104, 'has_brand', 1016389], [606104, 'also_view', 527801], [606104, 'also_view', 415995], [606104, 'also_view', 361114], [529567, 'has_category', 1032460], [529567, 'has_brand', 1016389], [529567, 'also_view', 361114], [529567, 'also_view', 213534]]"
296,5,What products are also viewed by customers looking at PICNIC TIME folding chairs?,"[417430, 367231, 903190, 358289, 358292, 696483, 454259, 3907]","[[877704, 'has_category', 1032882], [877704, 'has_brand', 1003198], [877704, 'also_view', 417430], [877704, 'also_view', 367231], [673941, 'has_category', 1032882], [673941, 'has_brand', 1003198], [673941, 'also_view', 903190], [358292, 'has_category', 1032882], [358292, 'has_brand', 1003198], [358292, 'also_view', 358289], [358289, 'has_category', 1032882], [358289, 'has_brand', 1003198], [358289, 'also_view', 903190], [358289, 'also_view', 367231], [358289, 'also_view', 358292], [69230, 'has_category', 1032882], [69230, 'has_brand', 1003198], [69230, 'also_view', 903190], [69230, 'also_view', 696483], [69230, 'also_view', 454259], [69230, 'also_view', 3907]]"
297,5,"I'm looking for some ice hockey equipment, can you show me some products?","[788749, 763253, 763249, 742003]","[[809376, 'has_category', 1033044], [809376, 'has_brand', 1023400], [809376, 'also_view', 788749], [809376, 'also_view', 763253], [809376, 'also_view', 763249], [809376, 'also_view', 742003]]"
298,5,Show me trailer winches from Invincible Marine and other products that customers also view.,"[943371, 416104, 62894, 9078, 413636, 315814, 222955, 213532, 158127, 30188]","[[277298, 'has_category', 1033724], [277298, 'has_brand', 988322], [277298, 'also_view', 943371], [277298, 'also_view', 416104], [277298, 'also_view', 62894], [277298, 'also_view', 9078], [277261, 'has_category', 1033724], [277261, 'has_brand', 988322], [277261, 'also_view', 943371], [277261, 'also_view', 413636], [277261, 'also_view', 315814], [277261, 'also_view', 222955], [277261, 'also_view', 213532], [277261, 'also_view', 158127], [277261, 'also_view', 62894], [277261, 'also_view', 30188]]"
