id,query,answer_ids
0,"I'm looking for some breathable golf pants that use moisture-wicking fabric to keep me dry and comfortable during a round. I need something with a polyester and spandex blend for better mobility, and I'd prefer something easy to machine wash that is known for having a great fit.",[884885]
1,"I'm looking for a 2-pack of X-large, white and navy mini-crew socks made in North Carolina that are great for running or even golf.",[759984]
2,"I'm looking for a lightweight, right-handed duty holster made of high-density polymer for my High Point 45 cal. It needs to be comfortable for concealed carry, combat-proven, and ideally something that provides a secure fit without needing any manual adjustments.",[523735]
3,"I'm looking for a 26-inch front and rear wheel set to convert my single-speed beach cruiser into a 3-speed setup. I need something that includes black alloy rims, stainless steel spokes, and a Shimano Nexus internal hub with a coaster brake and the Revo shifter and cable assembly. Do you have anything like that?",[410348]
4,"I'm looking for a high-quality, 316 stainless steel adjustable mounting base that can accommodate any standard antenna with 1"" - #14 threads. It should feature dual swiveling mounts for full adjustability and include an internal feed system for Loran Cable. Ideally, I'd like something that matches an existing footprint so I don't have to drill any new holes.",[131195]
5,"I'm looking for a thin, black silicone wristband with a silvertone gray line to show support for correctional officers, preferably with a debossed and color-filled design so the pattern won't wear off like screen-printed versions.",[755203]
7,"I'm looking for a heavy-duty, waterproof expandable backpack for a 3-day hiking trip. It needs to have a capacity that can adjust between 39 and 64 liters, include molle webbing for attaching extra pouches, and have a padded waist strap to help relieve back stress. Ideally, it should be made of durable 600 denier polyester and be large enough to use as a bug out bag.",[914447]
8,"I'm looking for a comfortable, officially licensed MLB t-shirt for a Dodgers fan. I need something in a royal heather blue color with vibrant screen print graphics, preferably in a big size, and made of a soft cotton-polyester blend.",[845272]
9,"I'm looking for some precision-machined, American-made steel target points for my 11/32"" diameter arrows. I need them to have a 5-degree taper and weigh about 125 grains for accurate target placement.",[587597]
